{
  "bo:generate_documentation": false,
  "ma:creative_tabs": {},
  "ma:white_alabaster": {},
  "ma:orange_alabaster": {},
  "ma:magenta_alabaster": {},
  "ma:light_blue_alabaster": {},
  "ma:yellow_alabaster": {},
  "ma:lime_alabaster": {},
  "ma:pink_alabaster": {},
  "ma:gray_alabaster": {},
  "ma:light_gray_alabaster": {},
  "ma:cyan_alabaster": {},
  "ma:purple_alabaster": {},
  "ma:blue_alabaster": {},
  "ma:brown_alabaster": {},
  "ma:green_alabaster": {},
  "ma:red_alabaster": {},
  "ma:black_alabaster": {},
  "ma:basalt": {},
  "ma:hardened_stone": {},
  "ma:granodiorite": {},
  "ma:marble": {},
  "ma:pumice": {},
  "ma:travertine": {},
  "ma:taconite": {},
  "ma:blueschist": {},
  "ma:greenschist": {},
  "ma:borderless_glass": {},
  "ma:borderless_glass_pane": {},
  "ma:smooth_glass": {},
  "ma:smooth_glass_pane": {}
}